-- CREATE TABLE
CREATE TABLE STAFF (
    STAFF_ID NUMBER PRIMARY KEY,
    STAFF_NAME VARCHAR2(100) NOT NULL,
    SALARY NUMBER(10,2) NOT NULL
);
-- CREATE SEQUENCE
CREATE SEQUENCE STAFF_SEQ
START WITH 1
INCREMENT BY 1
NOCACHE
NOCYCLE;
-- INSERT DATA USING SEQUENCE
INSERT INTO STAFF (STAFF_ID, STAFF_NAME, SALARY)
VALUES (STAFF_SEQ.NEXTVAL, 'Salman Qureshi', 52000);

INSERT INTO STAFF (STAFF_ID, STAFF_NAME, SALARY)
VALUES (STAFF_SEQ.NEXTVAL, 'Danish Iqbal', 68000);

INSERT INTO STAFF (STAFF_ID, STAFF_NAME, SALARY)
VALUES (STAFF_SEQ.NEXTVAL, 'Noman Aslam', 35000);

INSERT INTO STAFF (STAFF_ID, STAFF_NAME, SALARY)
VALUES (STAFF_SEQ.NEXTVAL, 'Fahad Mehmood', 47000);

INSERT INTO STAFF (STAFF_ID, STAFF_NAME, SALARY)
VALUES (STAFF_SEQ.NEXTVAL, 'Kamran Yousuf', 55000);

INSERT INTO STAFF (STAFF_ID, STAFF_NAME, SALARY)
VALUES (STAFF_SEQ.NEXTVAL, 'Bilal Saeed', 60000);

INSERT INTO STAFF (STAFF_ID, STAFF_NAME, SALARY)
VALUES (STAFF_SEQ.NEXTVAL, 'Adnan Javed', 42000);

INSERT INTO STAFF (STAFF_ID, STAFF_NAME, SALARY)
VALUES (STAFF_SEQ.NEXTVAL, 'Tariq Mahmood', 39000);

INSERT INTO STAFF (STAFF_ID, STAFF_NAME, SALARY)
VALUES (STAFF_SEQ.NEXTVAL, 'Imran Khalid', 58000);

INSERT INTO STAFF (STAFF_ID, STAFF_NAME, SALARY)
VALUES (STAFF_SEQ.NEXTVAL, 'Waqar Hussain', 45000);

INSERT INTO STAFF (STAFF_ID, STAFF_NAME, SALARY)
VALUES (STAFF_SEQ.NEXTVAL, 'Aamir Shah', 54000);

INSERT INTO STAFF (STAFF_ID, STAFF_NAME, SALARY)
VALUES (STAFF_SEQ.NEXTVAL, 'Rizwan Ahmed', 62000);

INSERT INTO STAFF (STAFF_ID, STAFF_NAME, SALARY)
VALUES (STAFF_SEQ.NEXTVAL, 'Kashif Iqbal', 43000);

INSERT INTO STAFF (STAFF_ID, STAFF_NAME, SALARY)
VALUES (STAFF_SEQ.NEXTVAL, 'Shahbaz Ali', 47000);

INSERT INTO STAFF (STAFF_ID, STAFF_NAME, SALARY)
VALUES (STAFF_SEQ.NEXTVAL, 'Nadeem Akhtar', 51000);

INSERT INTO STAFF (STAFF_ID, STAFF_NAME, SALARY)
VALUES (STAFF_SEQ.NEXTVAL, 'Yasir Khan', 56000);

INSERT INTO STAFF (STAFF_ID, STAFF_NAME, SALARY)
VALUES (STAFF_SEQ.NEXTVAL, 'Zubair Malik', 48000);

INSERT INTO STAFF (STAFF_ID, STAFF_NAME, SALARY)
VALUES (STAFF_SEQ.NEXTVAL, 'Haroon Rashid', 59000);

INSERT INTO STAFF (STAFF_ID, STAFF_NAME, SALARY)
VALUES (STAFF_SEQ.NEXTVAL, 'Sajid Hussain', 45000);

INSERT INTO STAFF (STAFF_ID, STAFF_NAME, SALARY)
VALUES (STAFF_SEQ.NEXTVAL, 'Qasim Raza', 52000);

INSERT INTO STAFF (STAFF_ID, STAFF_NAME, SALARY)
VALUES (STAFF_SEQ.NEXTVAL, 'Asif Mehmood', 47000);

INSERT INTO STAFF (STAFF_ID, STAFF_NAME, SALARY)
VALUES (STAFF_SEQ.NEXTVAL, 'Taimur Khan', 61000);

INSERT INTO STAFF (STAFF_ID, STAFF_NAME, SALARY)
VALUES (STAFF_SEQ.NEXTVAL, 'Waleed Ahmed', 53000);

INSERT INTO STAFF (STAFF_ID, STAFF_NAME, SALARY)
VALUES (STAFF_SEQ.NEXTVAL, 'Mudassir Ali', 46000);

INSERT INTO STAFF (STAFF_ID, STAFF_NAME, SALARY)
VALUES (STAFF_SEQ.NEXTVAL, 'Shan Masood', 57000);

INSERT INTO STAFF (STAFF_ID, STAFF_NAME, SALARY)
VALUES (STAFF_SEQ.NEXTVAL, 'Furqan Sheikh', 44000);

INSERT INTO STAFF (STAFF_ID, STAFF_NAME, SALARY)
VALUES (STAFF_SEQ.NEXTVAL, 'Hammad Latif', 50000);

INSERT INTO STAFF (STAFF_ID, STAFF_NAME, SALARY)
VALUES (STAFF_SEQ.NEXTVAL, 'Sameer Iqbal', 48000);


-- CREATE TABLE
CREATE TABLE STAFFCONTACT (
    STAFF_ID NUMBER NOT NULL,
    STAFF_PHONE VARCHAR2(15) NOT NULL,

    CONSTRAINT FK_STAFFCONTACT
    FOREIGN KEY (STAFF_ID)
    REFERENCES STAFF(STAFF_ID)
);


-- INSERT DATA
INSERT INTO STAFFCONTACT VALUES (1, '0301-7845123');
INSERT INTO STAFFCONTACT VALUES (1, '0312-6678901');

INSERT INTO STAFFCONTACT VALUES (2, '0306-5547821');
INSERT INTO STAFFCONTACT VALUES (2, '0333-9012456');

INSERT INTO STAFFCONTACT VALUES (3, '0315-7789012');
INSERT INTO STAFFCONTACT VALUES (3, '0345-1123987');

INSERT INTO STAFFCONTACT VALUES (4, '0302-6654789');
INSERT INTO STAFFCONTACT VALUES (4, '0331-9987123');

INSERT INTO STAFFCONTACT VALUES (5, '0307-8890123');
INSERT INTO STAFFCONTACT VALUES (5, '0321-4456789');

INSERT INTO STAFFCONTACT VALUES (6, '0310-5567890');
INSERT INTO STAFFCONTACT VALUES (6, '0341-6678902');

INSERT INTO STAFFCONTACT VALUES (7, '0305-4432189');
INSERT INTO STAFFCONTACT VALUES (7, '0336-7789012');

INSERT INTO STAFFCONTACT VALUES (8, '0313-5566009');
INSERT INTO STAFFCONTACT VALUES (8, '0322-9900112');

INSERT INTO STAFFCONTACT VALUES (9, '0309-6677123');
INSERT INTO STAFFCONTACT VALUES (9, '0346-7788123');

INSERT INTO STAFFCONTACT VALUES (10, '0314-8899001');
INSERT INTO STAFFCONTACT VALUES (10, '0335-4455667');

INSERT INTO STAFFCONTACT VALUES (11, '0308-1122334');

INSERT INTO STAFFCONTACT VALUES (12, '0311-2233445');

INSERT INTO STAFFCONTACT VALUES (13, '0332-3344556');

INSERT INTO STAFFCONTACT VALUES (14, '0303-4455667');

INSERT INTO STAFFCONTACT VALUES (15, '0342-5566778');

INSERT INTO STAFFCONTACT VALUES (16, '0316-6677889');

INSERT INTO STAFFCONTACT VALUES (17, '0324-7788990');

INSERT INTO STAFFCONTACT VALUES (18, '0337-8899001');

INSERT INTO STAFFCONTACT VALUES (19, '0304-9900112');

INSERT INTO STAFFCONTACT VALUES (20, '0317-1011121');

INSERT INTO STAFFCONTACT VALUES (21, '0340-1213141');

INSERT INTO STAFFCONTACT VALUES (22, '0320-1314151');

INSERT INTO STAFFCONTACT VALUES (23, '0330-1415161');

INSERT INTO STAFFCONTACT VALUES (24, '0306-1516171');

INSERT INTO STAFFCONTACT VALUES (25, '0343-1617181');

INSERT INTO STAFFCONTACT VALUES (26, '0319-1718191');

INSERT INTO STAFFCONTACT VALUES (27, '0325-1819201');
INSERT INTO STAFFCONTACT VALUES (27, '0338-1920212');

INSERT INTO STAFFCONTACT VALUES (28, '0307-2021222');



-- CREATE TABLE
CREATE TABLE CUSTOMER (
    CUST_ID NUMBER PRIMARY KEY,
    CUST_NAME VARCHAR2(100) NOT NULL,
    CUST_PRIMARY_CONTACT VARCHAR2(15) NOT NULL,
    CUST_SECONDARY_CONTACT VARCHAR2(15) NOT NULL,
    EMAIL VARCHAR2(100) NOT NULL
);


-- CREATE SEQUENCE
CREATE SEQUENCE CUSTOMER_SEQ
START WITH 1
INCREMENT BY 1
NOCACHE
NOCYCLE;
-- INSERT DATA USING SEQUENCE
INSERT INTO CUSTOMER 
VALUES (CUSTOMER_SEQ.NEXTVAL, 'Ali Khan', '03001234567', '03111234567', 'alikhan92@gmail.com');

INSERT INTO CUSTOMER 
VALUES (CUSTOMER_SEQ.NEXTVAL, 'Hassan Raza', '03334445566', '03445556677', 'hassanraza_pk@gmail.com');

INSERT INTO CUSTOMER 
VALUES (CUSTOMER_SEQ.NEXTVAL, 'Ayesha Malik', '03005556666', '03125556666', 'ayeshamalik01@gmail.com');

INSERT INTO CUSTOMER 
VALUES (CUSTOMER_SEQ.NEXTVAL, 'Usman Tariq', '03212223333', '03004445555', 'usmantariq786@gmail.com');

INSERT INTO CUSTOMER 
VALUES (CUSTOMER_SEQ.NEXTVAL, 'Zain Ahmed', '03123456789', '03012349876', 'zainahmed77@gmail.com');

INSERT INTO CUSTOMER 
VALUES (CUSTOMER_SEQ.NEXTVAL, 'Fatima Noor', '03099887766', '03219876543', 'fatimanoor_pk@gmail.com');

INSERT INTO CUSTOMER 
VALUES (CUSTOMER_SEQ.NEXTVAL, 'Omar Sheikh', '03331231234', '03131239876', 'omarsheikh11@gmail.com');

INSERT INTO CUSTOMER 
VALUES (CUSTOMER_SEQ.NEXTVAL, 'Hira Siddiqui', '03451234567', '03155667788', 'hirasiddiqui88@gmail.com');

INSERT INTO CUSTOMER 
VALUES (CUSTOMER_SEQ.NEXTVAL, 'Saad Malik', '03077889900', '03100998877', 'saadmalik99@gmail.com');

INSERT INTO CUSTOMER 
VALUES (CUSTOMER_SEQ.NEXTVAL, 'Noor Fatima', '03122334455', '03066778899', 'noorfatima88@gmail.com');





-- CREATE TABLE
CREATE TABLE MENUITEM (
    ITEM_ID NUMBER PRIMARY KEY,
    ITEM_NAME VARCHAR2(100) NOT NULL,
    ITEM_PRICE NUMBER(10,2) NOT NULL,
    CATEGORY VARCHAR2(50) NOT NULL,
    STAFF_ID NUMBER NOT NULL,
    SERVING_SIZE NUMBER NOT NULL,
    SERVING_UNIT VARCHAR2(10),

    CONSTRAINT FK_MENUITEM_STAFF
    FOREIGN KEY (STAFF_ID)
    REFERENCES STAFF(STAFF_ID)
);

-- CREATE SEQUENCE
CREATE SEQUENCE MENUITEM_SEQ
START WITH 1
INCREMENT BY 1
NOCACHE
NOCYCLE;
-- INSERT DATA USING SEQUENCE

INSERT INTO MENUITEM VALUES (MENUITEM_SEQ.NEXTVAL, 'Dynamite Prawns', 650, 'Starters', 7, 150, 'g');
INSERT INTO MENUITEM VALUES (MENUITEM_SEQ.NEXTVAL, 'Soup', 250, 'Starters', 7, 250, 'ml');
INSERT INTO MENUITEM VALUES (MENUITEM_SEQ.NEXTVAL, 'Wonton', 400, 'Starters', 7, 120, 'g');
INSERT INTO MENUITEM VALUES (MENUITEM_SEQ.NEXTVAL, 'Chicken Wings', 450, 'Starters', 7, 140, 'g');
INSERT INTO MENUITEM VALUES (MENUITEM_SEQ.NEXTVAL, 'Finger Fish', 600, 'Starters', 7, 140, 'g');
INSERT INTO MENUITEM VALUES (MENUITEM_SEQ.NEXTVAL, 'Drumsticks', 300, 'Starters', 7, 150, 'g');

INSERT INTO MENUITEM VALUES (MENUITEM_SEQ.NEXTVAL, 'Chicken Biryani', 300, 'Rice', 7, 300, 'g');
INSERT INTO MENUITEM VALUES (MENUITEM_SEQ.NEXTVAL, 'Mutton Biryani', 550, 'Rice', 7, 300, 'g');
INSERT INTO MENUITEM VALUES (MENUITEM_SEQ.NEXTVAL, 'Beef Biryani', 400, 'Rice', 7, 300, 'g');
INSERT INTO MENUITEM VALUES (MENUITEM_SEQ.NEXTVAL, 'Pulao', 350, 'Rice', 7, 300, 'g');
INSERT INTO MENUITEM VALUES (MENUITEM_SEQ.NEXTVAL, 'Rice', 150, 'Rice', 7, 250, 'g');
INSERT INTO MENUITEM VALUES (MENUITEM_SEQ.NEXTVAL, 'Singaporean Rice', 450, 'Rice', 7, 320, 'g');
INSERT INTO MENUITEM VALUES (MENUITEM_SEQ.NEXTVAL, 'Fried Rice', 350, 'Rice', 7, 300, 'g');

INSERT INTO MENUITEM VALUES (MENUITEM_SEQ.NEXTVAL, 'Chicken Chilli Dry', 550, 'Chinese', 7, 220, 'g');
INSERT INTO MENUITEM VALUES (MENUITEM_SEQ.NEXTVAL, 'Shashlik', 600, 'Chinese', 7, 250, 'g');
INSERT INTO MENUITEM VALUES (MENUITEM_SEQ.NEXTVAL, 'Chowmein', 350, 'Chinese', 7, 300, 'g');

INSERT INTO MENUITEM VALUES (MENUITEM_SEQ.NEXTVAL, 'Chicken Karahi', 900, 'Saalan', 7, 280, 'g');
INSERT INTO MENUITEM VALUES (MENUITEM_SEQ.NEXTVAL, 'Mutton Karahi', 1800, 'Saalan', 7, 280, 'g');
INSERT INTO MENUITEM VALUES (MENUITEM_SEQ.NEXTVAL, 'Beef Karahi', 1200, 'Saalan', 7, 280, 'g');
INSERT INTO MENUITEM VALUES (MENUITEM_SEQ.NEXTVAL, 'White Karahi', 1000, 'Saalan', 7, 280, 'g');
INSERT INTO MENUITEM VALUES (MENUITEM_SEQ.NEXTVAL, 'Qorma', 350, 'Saalan', 7, 250, 'g');
INSERT INTO MENUITEM VALUES (MENUITEM_SEQ.NEXTVAL, 'Nihari', 400, 'Saalan', 7, 300, 'g');
INSERT INTO MENUITEM VALUES (MENUITEM_SEQ.NEXTVAL, 'Handi', 1000, 'Saalan', 7, 280, 'g');
INSERT INTO MENUITEM VALUES (MENUITEM_SEQ.NEXTVAL, 'Kunna', 2000, 'Saalan', 7, 300, 'g');
INSERT INTO MENUITEM VALUES (MENUITEM_SEQ.NEXTVAL, 'Kofta', 350, 'Saalan', 7, 250, 'g');
INSERT INTO MENUITEM VALUES (MENUITEM_SEQ.NEXTVAL, 'Daleem', 300, 'Saalan', 7, 250, 'g');
INSERT INTO MENUITEM VALUES (MENUITEM_SEQ.NEXTVAL, 'Qeema', 300, 'Saalan', 7, 220, 'g');

INSERT INTO MENUITEM VALUES (MENUITEM_SEQ.NEXTVAL, 'Mix Sabzi', 200, 'Vegetable', 7, 220, 'g');
INSERT INTO MENUITEM VALUES (MENUITEM_SEQ.NEXTVAL, 'Palak Paneer', 350, 'Vegetable', 7, 250, 'g');
INSERT INTO MENUITEM VALUES (MENUITEM_SEQ.NEXTVAL, 'Chaney ki Daal', 200, 'Vegetable', 7, 220, 'g');

INSERT INTO MENUITEM VALUES (MENUITEM_SEQ.NEXTVAL, 'Tikka', 400, 'BBQ', 7, 150, 'g');
INSERT INTO MENUITEM VALUES (MENUITEM_SEQ.NEXTVAL, 'Malai Boti', 600, 'BBQ', 7, 180, 'g');
INSERT INTO MENUITEM VALUES (MENUITEM_SEQ.NEXTVAL, 'Tandoori Chicken', 700, 'BBQ', 7, 450, 'g');
INSERT INTO MENUITEM VALUES (MENUITEM_SEQ.NEXTVAL, 'Bihari Boti', 700, 'BBQ', 7, 180, 'g');

INSERT INTO MENUITEM VALUES (MENUITEM_SEQ.NEXTVAL, 'Seekh Kabab', 400, 'Kabab', 7, 100, 'g');
INSERT INTO MENUITEM VALUES (MENUITEM_SEQ.NEXTVAL, 'Chapli Kabab', 200, 'Kabab', 7, 120, 'g');
INSERT INTO MENUITEM VALUES (MENUITEM_SEQ.NEXTVAL, 'Gola Kabab', 500, 'Kabab', 7, 110, 'g');
INSERT INTO MENUITEM VALUES (MENUITEM_SEQ.NEXTVAL, 'Shaami Kabab', 120, 'Kabab', 7, 80, 'g');
INSERT INTO MENUITEM VALUES (MENUITEM_SEQ.NEXTVAL, 'Reshmi Kabab', 600, 'Kabab', 7, 180, 'g');
INSERT INTO MENUITEM VALUES (MENUITEM_SEQ.NEXTVAL, 'Turkish Kabab', 700, 'Kabab', 7, 180, 'g');

INSERT INTO MENUITEM VALUES (MENUITEM_SEQ.NEXTVAL, 'Chapati', 20, 'Roties', 7, 70, 'g');
INSERT INTO MENUITEM VALUES (MENUITEM_SEQ.NEXTVAL, 'Poori', 25, 'Roties', 7, 30, 'g');
INSERT INTO MENUITEM VALUES (MENUITEM_SEQ.NEXTVAL, 'Paratha', 60, 'Roties', 7, 120, 'g');
INSERT INTO MENUITEM VALUES (MENUITEM_SEQ.NEXTVAL, 'Simple Naan', 30, 'Roties', 7, 130, 'g');
INSERT INTO MENUITEM VALUES (MENUITEM_SEQ.NEXTVAL, 'Garlic Naan', 100, 'Roties', 7, 140, 'g');
INSERT INTO MENUITEM VALUES (MENUITEM_SEQ.NEXTVAL, 'Kulcha', 100, 'Roties', 7, 140, 'g');
INSERT INTO MENUITEM VALUES (MENUITEM_SEQ.NEXTVAL, 'Sheermal', 120, 'Roties', 7, 150, 'g');
INSERT INTO MENUITEM VALUES (MENUITEM_SEQ.NEXTVAL, 'Roghni Naan', 80, 'Roties', 7, 120, 'g');
INSERT INTO MENUITEM VALUES (MENUITEM_SEQ.NEXTVAL, 'Taftaan', 100, 'Roties', 7, 130, 'g');

INSERT INTO MENUITEM VALUES (MENUITEM_SEQ.NEXTVAL, 'Ice Cream', 150, 'Dessert', 7, 120, 'g');
INSERT INTO MENUITEM VALUES (MENUITEM_SEQ.NEXTVAL, 'Custard', 120, 'Dessert', 7, 150, 'g');
INSERT INTO MENUITEM VALUES (MENUITEM_SEQ.NEXTVAL, 'Kheer', 150, 'Dessert', 7, 180, 'g');
INSERT INTO MENUITEM VALUES (MENUITEM_SEQ.NEXTVAL, 'Rabri', 250, 'Dessert', 7, 150, 'g');
INSERT INTO MENUITEM VALUES (MENUITEM_SEQ.NEXTVAL, 'Gulab Jamun', 80, 'Dessert', 7, 50, 'g');
INSERT INTO MENUITEM VALUES (MENUITEM_SEQ.NEXTVAL, 'Falooda', 250, 'Dessert', 7, 250, 'ml');

INSERT INTO MENUITEM VALUES (MENUITEM_SEQ.NEXTVAL, 'Water', 60, 'Drinks', 7, 500, 'ml');
INSERT INTO MENUITEM VALUES (MENUITEM_SEQ.NEXTVAL, 'Cold Drink', 120, 'Drinks', 7, 250, 'ml');
INSERT INTO MENUITEM VALUES (MENUITEM_SEQ.NEXTVAL, 'Chai', 100, 'Drinks', 7, 150, 'ml');
INSERT INTO MENUITEM VALUES (MENUITEM_SEQ.NEXTVAL, 'Coffee', 150, 'Drinks', 7, 150, 'ml');
INSERT INTO MENUITEM VALUES (MENUITEM_SEQ.NEXTVAL, 'Juice', 150, 'Drinks', 7, 250, 'ml');



-- CREATE TABLE
CREATE TABLE MENUDEAL (
    DEAL_ID NUMBER PRIMARY KEY,
    DEAL_NAME VARCHAR2(100) NOT NULL,
    STAFF_ID NUMBER NOT NULL,

    CONSTRAINT FK_MENUDEAL_STAFF
    FOREIGN KEY (STAFF_ID)
    REFERENCES STAFF(STAFF_ID)
);
-- CREATE SEQUENCE
CREATE SEQUENCE MENUDEAL_SEQ
START WITH 1
INCREMENT BY 1
NOCACHE
NOCYCLE;
-- INSERT DATA USING SEQUENCE

INSERT INTO MENUDEAL
VALUES (MENUDEAL_SEQ.NEXTVAL, 'Deal 1 Small', 7);

INSERT INTO MENUDEAL
VALUES (MENUDEAL_SEQ.NEXTVAL, 'Deal 2 Small', 7);

INSERT INTO MENUDEAL
VALUES (MENUDEAL_SEQ.NEXTVAL, 'Deal 3 Small', 7);

INSERT INTO MENUDEAL
VALUES (MENUDEAL_SEQ.NEXTVAL, 'Deal 4 Mega', 7);

INSERT INTO MENUDEAL
VALUES (MENUDEAL_SEQ.NEXTVAL, 'Deal 5 Mega', 7);

INSERT INTO MENUDEAL
VALUES (MENUDEAL_SEQ.NEXTVAL, 'Deal 6 Mega', 7);


-- CREATE TABLE
CREATE TABLE MENUDEALCONTAINSMENUITEMS (
    DEAL_ID NUMBER NOT NULL,
    ITEM_ID NUMBER NOT NULL,
    QUANTITY NUMBER NOT NULL,
    UNIT VARCHAR2(10) NOT NULL,

    CONSTRAINT FK_MDMI_DEAL
    FOREIGN KEY (DEAL_ID)
    REFERENCES MENUDEAL(DEAL_ID),

    CONSTRAINT FK_MDMI_ITEM
    FOREIGN KEY (ITEM_ID)
    REFERENCES MENUITEM(ITEM_ID)
);
-- INSERT DATA

INSERT INTO MENUDEALCONTAINSMENUITEMS VALUES (1, 7, 2, 'kg');
INSERT INTO MENUDEALCONTAINSMENUITEMS VALUES (1, 17, 1, 'kg');
INSERT INTO MENUDEALCONTAINSMENUITEMS VALUES (1, 35, 6, 'serving');
INSERT INTO MENUDEALCONTAINSMENUITEMS VALUES (1, 44, 6, 'serving');
INSERT INTO MENUDEALCONTAINSMENUITEMS VALUES (1, 54, 6, 'serving');
INSERT INTO MENUDEALCONTAINSMENUITEMS VALUES (1, 57, 2, 'l');

INSERT INTO MENUDEALCONTAINSMENUITEMS VALUES (2, 13, 2, 'kg');
INSERT INTO MENUDEALCONTAINSMENUITEMS VALUES (2, 15, 1, 'kg');
INSERT INTO MENUDEALCONTAINSMENUITEMS VALUES (2, 4, 6, 'serving');
INSERT INTO MENUDEALCONTAINSMENUITEMS VALUES (2, 16, 1, 'kg');
INSERT INTO MENUDEALCONTAINSMENUITEMS VALUES (2, 51, 6, 'serving');
INSERT INTO MENUDEALCONTAINSMENUITEMS VALUES (2, 57, 2, 'l');

INSERT INTO MENUDEALCONTAINSMENUITEMS VALUES (3, 10, 2, 'kg');
INSERT INTO MENUDEALCONTAINSMENUITEMS VALUES (3, 27, 2, 'kg');
INSERT INTO MENUDEALCONTAINSMENUITEMS VALUES (3, 31, 6, 'serving');
INSERT INTO MENUDEALCONTAINSMENUITEMS VALUES (3, 43, 6, 'serving');
INSERT INTO MENUDEALCONTAINSMENUITEMS VALUES (3, 52, 6, 'serving');
INSERT INTO MENUDEALCONTAINSMENUITEMS VALUES (3, 57, 2, 'l');

INSERT INTO MENUDEALCONTAINSMENUITEMS VALUES (4, 7, 30, 'kg');
INSERT INTO MENUDEALCONTAINSMENUITEMS VALUES (4, 18, 15, 'kg');
INSERT INTO MENUDEALCONTAINSMENUITEMS VALUES (4, 32, 100, 'serving');
INSERT INTO MENUDEALCONTAINSMENUITEMS VALUES (4, 16, 15, 'kg');
INSERT INTO MENUDEALCONTAINSMENUITEMS VALUES (4, 1, 10, 'kg');
INSERT INTO MENUDEALCONTAINSMENUITEMS VALUES (4, 45, 150, 'serving');
INSERT INTO MENUDEALCONTAINSMENUITEMS VALUES (4, 54, 130, 'serving');
INSERT INTO MENUDEALCONTAINSMENUITEMS VALUES (4, 57, 60, 'l');

INSERT INTO MENUDEALCONTAINSMENUITEMS VALUES (5, 12, 60, 'kg');
INSERT INTO MENUDEALCONTAINSMENUITEMS VALUES (5, 23, 50, 'kg');
INSERT INTO MENUDEALCONTAINSMENUITEMS VALUES (5, 34, 120, 'serving');
INSERT INTO MENUDEALCONTAINSMENUITEMS VALUES (5, 14, 25, 'kg');
INSERT INTO MENUDEALCONTAINSMENUITEMS VALUES (5, 5, 20, 'kg');
INSERT INTO MENUDEALCONTAINSMENUITEMS VALUES (5, 48, 300, 'serving');
INSERT INTO MENUDEALCONTAINSMENUITEMS VALUES (5, 42, 250, 'serving');
INSERT INTO MENUDEALCONTAINSMENUITEMS VALUES (5, 54, 300, 'serving');
INSERT INTO MENUDEALCONTAINSMENUITEMS VALUES (5, 57, 120, 'l');

INSERT INTO MENUDEALCONTAINSMENUITEMS VALUES (6, 47, 300, 'serving');
INSERT INTO MENUDEALCONTAINSMENUITEMS VALUES (6, 53, 300, 'serving');
INSERT INTO MENUDEALCONTAINSMENUITEMS VALUES (6, 26, 50, 'kg');
INSERT INTO MENUDEALCONTAINSMENUITEMS VALUES (6, 24, 60, 'kg');
INSERT INTO MENUDEALCONTAINSMENUITEMS VALUES (6, 39, 200, 'serving');
INSERT INTO MENUDEALCONTAINSMENUITEMS VALUES (6, 33, 300, 'serving');
INSERT INTO MENUDEALCONTAINSMENUITEMS VALUES (6, 3, 250, 'serving');
INSERT INTO MENUDEALCONTAINSMENUITEMS VALUES (6, 49, 450, 'serving');
INSERT INTO MENUDEALCONTAINSMENUITEMS VALUES (6, 42, 300, 'serving');
INSERT INTO MENUDEALCONTAINSMENUITEMS VALUES (6, 57, 180, 'l');
INSERT INTO MENUDEALCONTAINSMENUITEMS VALUES (6, 32, 250, 'serving');



-- CREATE TABLE
CREATE TABLE CHEF (
    STAFF_ID NUMBER NOT NULL,
    CHEF_TYPE VARCHAR2(50) NOT NULL,

    CONSTRAINT PK_CHEF PRIMARY KEY (STAFF_ID),

    CONSTRAINT FK_CHEF_STAFF
    FOREIGN KEY (STAFF_ID)
    REFERENCES STAFF(STAFF_ID)
);
-- INSERT DATA

INSERT INTO CHEF VALUES (1, 'Head Chef');
INSERT INTO CHEF VALUES (3, 'Head Chef');
INSERT INTO CHEF VALUES (9, 'Head Chef');

INSERT INTO CHEF VALUES (2, 'Junior Chef');
INSERT INTO CHEF VALUES (5, 'Junior Chef');
INSERT INTO CHEF VALUES (6, 'Junior Chef');
INSERT INTO CHEF VALUES (8, 'Junior Chef');
INSERT INTO CHEF VALUES (10, 'Junior Chef');
INSERT INTO CHEF VALUES (12, 'Junior Chef');
INSERT INTO CHEF VALUES (14, 'Junior Chef');
INSERT INTO CHEF VALUES (16, 'Junior Chef');
INSERT INTO CHEF VALUES (18, 'Junior Chef');
INSERT INTO CHEF VALUES (20, 'Junior Chef');
INSERT INTO CHEF VALUES (22, 'Junior Chef');
INSERT INTO CHEF VALUES (25, 'Junior Chef');

-- CREATE TABLE
CREATE TABLE DELIVERYSTAFF (
    STAFF_ID NUMBER NOT NULL,

    CONSTRAINT PK_DELIVERYSTAFF PRIMARY KEY (STAFF_ID),

    CONSTRAINT FK_DELIVERYSTAFF_STAFF
    FOREIGN KEY (STAFF_ID)
    REFERENCES STAFF(STAFF_ID)
);
-- INSERT DATA INTO DELIVERYSTAFF

INSERT INTO DELIVERYSTAFF VALUES (4);
INSERT INTO DELIVERYSTAFF VALUES (11);
INSERT INTO DELIVERYSTAFF VALUES (13);
INSERT INTO DELIVERYSTAFF VALUES (15);
INSERT INTO DELIVERYSTAFF VALUES (17);
INSERT INTO DELIVERYSTAFF VALUES (19);
INSERT INTO DELIVERYSTAFF VALUES (21);
INSERT INTO DELIVERYSTAFF VALUES (23);
INSERT INTO DELIVERYSTAFF VALUES (24);
INSERT INTO DELIVERYSTAFF VALUES (26);
INSERT INTO DELIVERYSTAFF VALUES (27);
INSERT INTO DELIVERYSTAFF VALUES (28);





-- CREATE TABLE
CREATE TABLE MANAGER (
    STAFF_ID NUMBER NOT NULL,

    CONSTRAINT PK_MANAGER PRIMARY KEY (STAFF_ID),

    CONSTRAINT FK_MANAGER_STAFF
    FOREIGN KEY (STAFF_ID)
    REFERENCES STAFF(STAFF_ID)
);
-- INSERT DATA

INSERT INTO MANAGER VALUES (7);


CREATE TABLE ORDERS (
    ORDER_ID NUMBER PRIMARY KEY,
    CUST_ID NUMBER NOT NULL,
    TOTAL_AMOUNT NUMBER(10,2) NOT NULL,
    ORDER_DATE DATE NOT NULL,
    DUE_DATE DATE NOT NULL,
    DUE_TIME VARCHAR2(10) NOT NULL,
    STATUS VARCHAR2(15) NOT NULL,
    DELIVERY_ADDRESS VARCHAR2(255) NOT NULL,

    CONSTRAINT FK_ORDERS_CUSTOMER
    FOREIGN KEY (CUST_ID)
    REFERENCES CUSTOMER(CUST_ID)
);
CREATE TABLE ORDERCONTAINSMENUDEALS (
    ORDER_ID NUMBER NOT NULL,
    DEAL_ID NUMBER NOT NULL,
    QUANTITY NUMBER NOT NULL,

    CONSTRAINT FK_OCMD_ORDER
    FOREIGN KEY (ORDER_ID)
    REFERENCES ORDERS(ORDER_ID),

    CONSTRAINT FK_OCMD_DEAL
    FOREIGN KEY (DEAL_ID)
    REFERENCES MENUDEAL(DEAL_ID)
);
CREATE TABLE ORDERCONTAINSMENUITEMS (
    ORDER_ID NUMBER NOT NULL,
    ITEM_ID NUMBER NOT NULL,
    QUANTITY NUMBER NOT NULL,
    UNIT VARCHAR2(10) NOT NULL,

    CONSTRAINT FK_OCMI_ORDER
    FOREIGN KEY (ORDER_ID)
    REFERENCES ORDERS(ORDER_ID),

    CONSTRAINT FK_OCMI_ITEM
    FOREIGN KEY (ITEM_ID)
    REFERENCES MENUITEM(ITEM_ID)
);

INSERT INTO ORDERS VALUES (1, 5, 605503.81, TO_DATE('03-APR-24','DD-MON-YY'), TO_DATE('04-APR-24','DD-MON-YY'), '19:30', 'Completed', 'House 18, Street 10, North Nazimabad Block H, Karachi');
INSERT INTO ORDERS VALUES (2, 1, 16600.95, TO_DATE('07-APR-24','DD-MON-YY'), TO_DATE('08-APR-24','DD-MON-YY'), '18:00', 'Pending', 'House 12, Street 4, DHA Phase 5, Karachi');
INSERT INTO ORDERS VALUES (3, 8, 3882100, TO_DATE('02-APR-24','DD-MON-YY'), TO_DATE('03-APR-24','DD-MON-YY'), '20:30', 'Confirmed', 'Flat 4D, Empress Tower, Saddar, Near Regal Chowk, Karachi');
INSERT INTO ORDERS VALUES (4, 3, 24610, TO_DATE('05-APR-24','DD-MON-YY'), TO_DATE('06-APR-24','DD-MON-YY'), '21:00', 'Completed', 'House 45, Street 2, Clifton Block 2, Karachi');
INSERT INTO ORDERS VALUES (5, 6, 614439.29, TO_DATE('01-APR-24','DD-MON-YY'), TO_DATE('02-APR-24','DD-MON-YY'), '19:00', 'Completed', 'Flat 5C, Seaview Residency, PECHS Block 6, Karachi');
INSERT INTO ORDERS VALUES (6, 2, 40282.42, TO_DATE('06-APR-24','DD-MON-YY'), TO_DATE('07-APR-24','DD-MON-YY'), '20:00', 'Confirmed', 'Flat 3B, Al-Murtaza Apartments, Gulshan-e-Iqbal Block 7, Karachi');
INSERT INTO ORDERS VALUES (7, 7, 603613.81, TO_DATE('04-APR-24','DD-MON-YY'), TO_DATE('05-APR-24','DD-MON-YY'), '18:30', 'Pending', 'House 9, Street 7, Bahadurabad, Karachi');
INSERT INTO ORDERS VALUES (8, 4, 30062.86, TO_DATE('08-APR-24','DD-MON-YY'), TO_DATE('09-APR-24','DD-MON-YY'), '17:00', 'Confirmed', 'Flat 2A, Rehman Residency, Nazimabad Block 3, Karachi');
INSERT INTO ORDERCONTAINSMENUDEALS VALUES (1, 4, 2);
INSERT INTO ORDERCONTAINSMENUDEALS VALUES (2, 1, 1);
INSERT INTO ORDERCONTAINSMENUDEALS VALUES (3, 6, 3);
INSERT INTO ORDERCONTAINSMENUDEALS VALUES (4, 2, 2);
INSERT INTO ORDERCONTAINSMENUDEALS VALUES (5, 5, 1);
INSERT INTO ORDERCONTAINSMENUDEALS VALUES (6, 3, 4);
INSERT INTO ORDERCONTAINSMENUDEALS VALUES (7, 4, 2);
INSERT INTO ORDERCONTAINSMENUDEALS VALUES (8, 1, 3);
INSERT INTO ORDERCONTAINSMENUITEMS VALUES (1, 7, 3, 'serving');
INSERT INTO ORDERCONTAINSMENUITEMS VALUES (1, 32, 2, 'serving');
INSERT INTO ORDERCONTAINSMENUITEMS VALUES (1, 57, 4, 'serving');

INSERT INTO ORDERCONTAINSMENUITEMS VALUES (2, 10, 2, 'serving');
INSERT INTO ORDERCONTAINSMENUITEMS VALUES (2, 24, 1, 'kg');

INSERT INTO ORDERCONTAINSMENUITEMS VALUES (3, 7, 10, 'kg');
INSERT INTO ORDERCONTAINSMENUITEMS VALUES (3, 35, 6, 'serving');

INSERT INTO ORDERCONTAINSMENUITEMS VALUES (4, 4, 5, 'serving');
INSERT INTO ORDERCONTAINSMENUITEMS VALUES (4, 5, 3, 'serving');

INSERT INTO ORDERCONTAINSMENUITEMS VALUES (5, 7, 1, 'kg');
INSERT INTO ORDERCONTAINSMENUITEMS VALUES (5, 18, 1, 'kg');

INSERT INTO ORDERCONTAINSMENUITEMS VALUES (6, 27, 4, 'serving');
INSERT INTO ORDERCONTAINSMENUITEMS VALUES (6, 43, 6, 'serving');

INSERT INTO ORDERCONTAINSMENUITEMS VALUES (7, 51, 2, 'serving');
INSERT INTO ORDERCONTAINSMENUITEMS VALUES (7, 60, 3, 'serving');

INSERT INTO ORDERCONTAINSMENUITEMS VALUES (8, 54, 8, 'serving');
INSERT INTO ORDERCONTAINSMENUITEMS VALUES (8, 55, 4, 'serving');
INSERT INTO ORDERCONTAINSMENUITEMS VALUES (8, 57, 6, 'serving');




-- CREATE TABLE
CREATE TABLE PAYMENT (
    PAYMENT_ID NUMBER PRIMARY KEY,
    PAYMENT_STATUS VARCHAR2(50) NOT NULL,
    PAYMENT_DATE DATE NOT NULL,
    PAYMENT_METHOD VARCHAR2(50) NOT NULL,
    ORDER_ID NUMBER NOT NULL,

    CONSTRAINT FK_PAYMENT_ORDER
    FOREIGN KEY (ORDER_ID)
    REFERENCES ORDERS(ORDER_ID)
);
-- CREATE SEQUENCE
CREATE SEQUENCE PAYMENT_SEQ
START WITH 1
INCREMENT BY 1
NOCACHE
NOCYCLE;
-- INSERT DATA USING SEQUENCE

INSERT INTO PAYMENT VALUES (PAYMENT_SEQ.NEXTVAL, 'Paid', TO_DATE('03-APR-24','DD-MON-YY'), 'Cash', 1);
INSERT INTO PAYMENT VALUES (PAYMENT_SEQ.NEXTVAL, 'Pending', TO_DATE('07-APR-24','DD-MON-YY'), 'Card', 2);
INSERT INTO PAYMENT VALUES (PAYMENT_SEQ.NEXTVAL, 'Paid', TO_DATE('02-APR-24','DD-MON-YY'), 'Online Transfer', 3);
INSERT INTO PAYMENT VALUES (PAYMENT_SEQ.NEXTVAL, 'Paid', TO_DATE('05-APR-24','DD-MON-YY'), 'Cash', 4);
INSERT INTO PAYMENT VALUES (PAYMENT_SEQ.NEXTVAL, 'Paid', TO_DATE('01-APR-24','DD-MON-YY'), 'Card', 5);
INSERT INTO PAYMENT VALUES (PAYMENT_SEQ.NEXTVAL, 'Paid', TO_DATE('06-APR-24','DD-MON-YY'), 'Cash', 6);
INSERT INTO PAYMENT VALUES (PAYMENT_SEQ.NEXTVAL, 'Pending', TO_DATE('04-APR-24','DD-MON-YY'), 'Online Transfer', 7);
INSERT INTO PAYMENT VALUES (PAYMENT_SEQ.NEXTVAL, 'Paid', TO_DATE('08-APR-24','DD-MON-YY'), 'Cash', 8);


-- CREATE TABLE
CREATE TABLE CHEFMANAGESORDER (
    STAFF_ID NUMBER NOT NULL,
    ORDER_ID NUMBER NOT NULL,

    CONSTRAINT FK_CMO_CHEF
    FOREIGN KEY (STAFF_ID)
    REFERENCES CHEF(STAFF_ID),

    CONSTRAINT FK_CMO_ORDER
    FOREIGN KEY (ORDER_ID)
    REFERENCES ORDERS(ORDER_ID)
);
-- INSERT DATA

INSERT INTO CHEFMANAGESORDER VALUES (1, 1);
INSERT INTO CHEFMANAGESORDER VALUES (2, 4);
INSERT INTO CHEFMANAGESORDER VALUES (10, 2);
INSERT INTO CHEFMANAGESORDER VALUES (16, 5);
INSERT INTO CHEFMANAGESORDER VALUES (18, 6);
INSERT INTO CHEFMANAGESORDER VALUES (20, 3);
INSERT INTO CHEFMANAGESORDER VALUES (22, 8);
INSERT INTO CHEFMANAGESORDER VALUES (25, 7);
-- CREATE TABLE
CREATE TABLE MANAGERMANAGESORDER (
    STAFF_ID NUMBER NOT NULL,
    ORDER_ID NUMBER NOT NULL,

    CONSTRAINT FK_MMO_MANAGER
    FOREIGN KEY (STAFF_ID)
    REFERENCES MANAGER(STAFF_ID),

    CONSTRAINT FK_MMO_ORDER
    FOREIGN KEY (ORDER_ID)
    REFERENCES ORDERS(ORDER_ID)
);
-- INSERT DATA

INSERT INTO MANAGERMANAGESORDER VALUES (7, 1);
INSERT INTO MANAGERMANAGESORDER VALUES (7, 2);
INSERT INTO MANAGERMANAGESORDER VALUES (7, 3);
INSERT INTO MANAGERMANAGESORDER VALUES (7, 4);
INSERT INTO MANAGERMANAGESORDER VALUES (7, 5);
INSERT INTO MANAGERMANAGESORDER VALUES (7, 6);

-- CREATE TABLE
CREATE TABLE DELIVERYSTAFFMANAGESORDER (
    STAFF_ID NUMBER NOT NULL,
    ORDER_ID NUMBER NOT NULL,

    CONSTRAINT FK_DSMO_STAFF
    FOREIGN KEY (STAFF_ID)
    REFERENCES DELIVERYSTAFF(STAFF_ID),

    CONSTRAINT FK_DSMO_ORDER
    FOREIGN KEY (ORDER_ID)
    REFERENCES ORDERS(ORDER_ID)
);
-- INSERT DATA

INSERT INTO DELIVERYSTAFFMANAGESORDER VALUES (4, 1);
INSERT INTO DELIVERYSTAFFMANAGESORDER VALUES (11, 2);
INSERT INTO DELIVERYSTAFFMANAGESORDER VALUES (13, 3);
INSERT INTO DELIVERYSTAFFMANAGESORDER VALUES (15, 4);
INSERT INTO DELIVERYSTAFFMANAGESORDER VALUES (17, 5);
INSERT INTO DELIVERYSTAFFMANAGESORDER VALUES (19, 6);
INSERT INTO DELIVERYSTAFFMANAGESORDER VALUES (24, 7);
INSERT INTO DELIVERYSTAFFMANAGESORDER VALUES (26, 8);




CREATE OR REPLACE FORCE EDITIONABLE VIEW "SYSTEM"."VW_CUSTOMER_MENU_ITEMS" ("ITEM_ID", "ITEM_NAME", "ITEM_PRICE", "CATEGORY") AS 
SELECT item_id, item_name, item_price, category
FROM MENUITEM;


CREATE OR REPLACE FORCE EDITIONABLE VIEW "SYSTEM"."VW_CUSTOMER_MENU_DEALS" ("DEAL_ID", "DEAL_NAME") AS 
SELECT deal_id, deal_name
FROM menudeal;


CREATE OR REPLACE FORCE EDITIONABLE VIEW "SYSTEM"."VW_CUSTOMER_PAYMENT_HISTORY" ("PAYMENT_ID", "ORDER_ID", "TOTAL_AMOUNT", "PAYMENT_METHOD", "PAYMENT_DATE", "CUST_ID", "CUST_NAME") AS 
SELECT 
    p.payment_id,
    p.order_id,
    o.total_amount,
    p.payment_method,
    p.payment_date,
    c.cust_id,
    c.cust_name
FROM payment p
JOIN orders o ON p.order_id = o.order_id
JOIN customer c ON o.cust_id = c.cust_id;


CREATE OR REPLACE FORCE EDITIONABLE VIEW "SYSTEM"."VW_CUSTOMER_DELIVERY_INFO" ("ORDER_ID", "CUST_NAME", "DELIVERY_STAFF", "STATUS") AS 
SELECT 
    o.order_id,
    c.cust_name,
    s.staff_name AS delivery_staff,
    o.status
FROM orders o
JOIN customer c ON o.cust_id = c.cust_id
JOIN DELIVERYSTAFFMANAGESORDER d ON o.order_id = d.order_id
JOIN staff s ON d.staff_id = s.staff_id;


CREATE OR REPLACE FORCE EDITIONABLE VIEW "SYSTEM"."VW_CHEF_ORDERS" ("ORDER_ID", "CUST_NAME", "ORDER_DATE", "STATUS", "CHEF_NAME") AS 
SELECT 
    o.order_id,
    c.cust_name,
    o.order_date,
    o.status,
    s.staff_name AS chef_name
FROM orders o
JOIN customer c ON o.cust_id = c.cust_id
JOIN CHEFMANAGESORDER cm ON o.order_id = cm.order_id
JOIN staff s ON cm.staff_id = s.staff_id;


CREATE OR REPLACE FORCE EDITIONABLE VIEW "SYSTEM"."VW_DELIVERY_CUSTOMER_DETAILS" ("ORDER_ID", "CUST_NAME", "CUST_PRIMARY_CONTACT", "DELIVERY_ADDRESS", "STATUS") AS 
SELECT 
    o.order_id,
    c.cust_name,
    c.cust_primary_contact,
    o.delivery_address,
    o.status
FROM orders o
JOIN customer c ON o.cust_id = c.cust_id;


CREATE OR REPLACE FORCE EDITIONABLE VIEW "SYSTEM"."VW_MANAGER_CHEF_DETAILS" ("ORDER_ID", "CHEF_NAME", "STATUS") AS 
SELECT 
    o.order_id,
    s.staff_name AS chef_name,
    o.status
FROM orders o
JOIN CHEFMANAGESORDER cm ON o.order_id = cm.order_id
JOIN staff s ON cm.staff_id = s.staff_id;


CREATE OR REPLACE FORCE EDITIONABLE VIEW "SYSTEM"."VW_MANAGER_DELIVERY_STAFF" ("ORDER_ID", "DELIVERY_STAFF", "STATUS") AS 
SELECT 
    o.order_id,
    s.staff_name AS delivery_staff,
    o.status
FROM orders o
JOIN DELIVERYSTAFFMANAGESORDER dm ON o.order_id = dm.order_id
JOIN staff s ON dm.staff_id = s.staff_id;


CREATE OR REPLACE FORCE EDITIONABLE VIEW "SYSTEM"."VW_MANAGER_CUSTOMERS" ("CUST_ID", "CUST_NAME", "CUST_PRIMARY_CONTACT", "DELIVERY_ADDRESS") AS 
SELECT 
    c.cust_id,
    c.cust_name,
    c.cust_primary_contact,
    o.delivery_address
FROM customer c
JOIN orders o ON c.cust_id = o.cust_id;


CREATE OR REPLACE FORCE EDITIONABLE VIEW "SYSTEM"."VW_MANAGER_ORDERS" ("ORDER_ID", "CUST_NAME", "ORDER_DATE", "STATUS") AS 
SELECT 
    o.order_id,
    c.cust_name,
    o.order_date,
    o.status
FROM orders o
JOIN customer c ON o.cust_id = c.cust_id;


CREATE OR REPLACE FORCE EDITIONABLE VIEW "SYSTEM"."VW_MANAGER_PAYMENTS" ("PAYMENT_ID", "ORDER_ID", "CUST_NAME", "TOTAL_AMOUNT", "PAYMENT_METHOD", "PAYMENT_DATE") AS 
SELECT 
    p.payment_id,
    p.order_id,
    c.cust_name,
    o.total_amount,
    p.payment_method,
    p.payment_date
FROM payment p
JOIN orders o ON p.order_id = o.order_id
JOIN customer c ON o.cust_id = c.cust_id;


CREATE OR REPLACE FORCE EDITIONABLE VIEW "SYSTEM"."VW_MANAGER_MENU_ITEMS" ("ITEM_ID", "ITEM_NAME", "ITEM_PRICE", "CATEGORY") AS 
SELECT item_id, item_name, item_price, category
FROM menuitem;


CREATE OR REPLACE FORCE EDITIONABLE VIEW "SYSTEM"."VW_MANAGER_MENU_DEALS" ("DEAL_ID", "DEAL_NAME") AS 
SELECT deal_id, deal_name
FROM menudeal;

COMMIT;




-- MENUITEM INDEXES
CREATE INDEX IDX_MENUITEM_NAME ON MENUITEM (ITEM_NAME);

CREATE INDEX IDX_MENUITEM_CATEGORY ON MENUITEM (CATEGORY);


-- MENUDEAL INDEX
CREATE INDEX IDX_MENUDEAL_NAME ON MENUDEAL (DEAL_NAME);


-- ORDER ITEM LINKS
CREATE INDEX IDX_ORDER_ITEMS_ORDER ON ORDERCONTAINSMENUITEMS (ORDER_ID);

CREATE INDEX IDX_ORDER_ITEMS_ITEM ON ORDERCONTAINSMENUITEMS (ITEM_ID);


-- ORDER DEAL LINKS
CREATE INDEX IDX_ORDER_DEALS_ORDER ON ORDERCONTAINSMENUDEALS (ORDER_ID);

CREATE INDEX IDX_ORDER_DEALS_DEAL ON ORDERCONTAINSMENUDEALS (DEAL_ID);


-- MENUDEAL ↔ ITEMS
CREATE INDEX IDX_DEAL_ITEMS_DEAL ON MENUDEALCONTAINSMENUITEMS (DEAL_ID);

CREATE INDEX IDX_DEAL_ITEMS_ITEM ON MENUDEALCONTAINSMENUITEMS (ITEM_ID);


-- STAFF MANAGEMENT TABLES
CREATE INDEX IDX_CHEF_STAFF ON CHEFMANAGESORDER (STAFF_ID);

CREATE INDEX IDX_MANAGER_STAFF ON MANAGERMANAGESORDER (STAFF_ID);

CREATE INDEX IDX_DELIVERY_STAFF ON DELIVERYSTAFFMANAGESORDER (STAFF_ID);


COMMIT;

ALTER TABLE MENUITEM
ADD PICTURES_URL VARCHAR2(500);
commit;

ALTER TABLE STAFF
ADD PASSWORD VARCHAR2(255);

commit;

ALTER TABLE MENUDEAL
ADD PICTURES_urL VARCHAR2(500);

commit;


-- UPDATE MENUITEM IMAGE URLS

UPDATE MENUITEM SET PICTURES_URL='https://drive.google.com/file/d/1dYf1sIISZiyXdv7frsA1WPd9nLS0G5h9/view?usp=drive_link' WHERE ITEM_ID=1;

UPDATE MENUITEM SET PICTURES_URL='https://drive.google.com/file/d/1DrroA2LImWYDbYOACM_lk_fl_rAOZjtg/view?usp=sharing' WHERE ITEM_ID=2;

UPDATE MENUITEM SET PICTURES_URL='https://drive.google.com/file/d/19CtvM58AzCnKWs8nFzgRN77FwmcHUMke/view?usp=sharing' WHERE ITEM_ID=3;

UPDATE MENUITEM SET PICTURES_URL='https://drive.google.com/file/d/1xPY1z5ioVjWZ-6pcUNhR075hSw-DV98Q/view?usp=drive_link' WHERE ITEM_ID=4;

UPDATE MENUITEM SET PICTURES_URL='https://drive.google.com/file/d/1oWehe3chkyfuWJeQRBna1OX_yfpE85iy/view?usp=drive_link' WHERE ITEM_ID=5;

UPDATE MENUITEM SET PICTURES_URL='https://drive.google.com/file/d/1qz2ZMBWhyOuQ6F8rPw2xxSU8s3d8uC_h/view?usp=drive_link' WHERE ITEM_ID=6;

UPDATE MENUITEM SET PICTURES_URL='https://drive.google.com/file/d/14YhrT2OpXUpJmqTaR5ZamDVLmcOrvQtd/view?usp=drive_link' WHERE ITEM_ID=7;

UPDATE MENUITEM SET PICTURES_URL='https://drive.google.com/file/d/11uYR_NnND_c0LQcGENF2ipqVV8weGjpN/view?usp=drive_link' WHERE ITEM_ID=8;

UPDATE MENUITEM SET PICTURES_URL='https://drive.google.com/file/d/1G1PsCh5n17csyH4CGC0LSu8wtG1V50jU/view?usp=drive_link' WHERE ITEM_ID=9;

UPDATE MENUITEM SET PICTURES_URL='https://drive.google.com/file/d/1gA4DKdSHK0aD-qL5v2gHkfxI33vF0Xf_/view?usp=drive_link' WHERE ITEM_ID=10;

UPDATE MENUITEM SET PICTURES_URL='https://drive.google.com/file/d/1sM_11zJvaU-laqwduI86rKwhUuIwTBm8/view?usp=drive_link' WHERE ITEM_ID=11;

UPDATE MENUITEM SET PICTURES_URL='https://drive.google.com/file/d/1xokj3uO5C_1CFASDHyRKIr_VW9e3BzHK/view?usp=drive_link' WHERE ITEM_ID=12;

UPDATE MENUITEM SET PICTURES_URL='https://drive.google.com/file/d/10zKiSoFdfPOqGQ1wX89NH80orwMOEz0A/view?usp=drive_link' WHERE ITEM_ID=13;

UPDATE MENUITEM SET PICTURES_URL='https://drive.google.com/file/d/1BMjFUaFOEmFDKkPBMKCtZmUt8Nrr6EyR/view?usp=drive_link' WHERE ITEM_ID=14;

UPDATE MENUITEM SET PICTURES_URL='https://drive.google.com/file/d/1wWBREmFabUBFTjLVMhfcHdUp6A90bwOG/view?usp=drive_link' WHERE ITEM_ID=15;

UPDATE MENUITEM SET PICTURES_URL='https://drive.google.com/file/d/1t_F3fXtfby3LlSyC9NfmD3Fy6ma0Ql-t/view?usp=drive_link' WHERE ITEM_ID=16;

UPDATE MENUITEM SET PICTURES_URL='https://drive.google.com/file/d/19TlIjLgFeBArVJjz9852nMP0f5E9UadY/view?usp=drive_link' WHERE ITEM_ID=17;

UPDATE MENUITEM SET PICTURES_URL='https://drive.google.com/file/d/1RlZLayWiHfhEE5yPJCookjb-x0s6-DCj/view?usp=drive_link' WHERE ITEM_ID=18;

UPDATE MENUITEM SET PICTURES_URL='https://drive.google.com/file/d/1cYqC8fSbFm61yuUFnG-x9x9gww3lRhv0/view?usp=sharing' WHERE ITEM_ID=19;

UPDATE MENUITEM SET PICTURES_URL='https://drive.google.com/file/d/16yyvncmgCi4anDGIvn-IOokMqSuz7g8n/view?usp=drive_link' WHERE ITEM_ID=20;

UPDATE MENUITEM SET PICTURES_URL='https://drive.google.com/file/d/12CAXx_JRZlUk5vdPjtXh45o2k5GP4lLc/view?usp=drive_link' WHERE ITEM_ID=21;

UPDATE MENUITEM SET PICTURES_URL='https://drive.google.com/file/d/1SxXJ47sQOnxZNPN7MXvCp-PYGBZpNNJW/view?usp=drive_link' WHERE ITEM_ID=22;

UPDATE MENUITEM SET PICTURES_URL='https://drive.google.com/file/d/1lbVJeJ3a8TzpiCzLyTf-6INRfOKsvlzg/view?usp=sharing' WHERE ITEM_ID=23;

UPDATE MENUITEM SET PICTURES_URL='https://drive.google.com/file/d/1jOydppj9O914L-XJgHsoWKqD4k8j6CqK/view?usp=drive_link' WHERE ITEM_ID=24;

UPDATE MENUITEM SET PICTURES_URL='https://drive.google.com/file/d/1RjvzH09_0R25NvaDvC120Vte3gU6D4Uo/view?usp=drive_link' WHERE ITEM_ID=25;

UPDATE MENUITEM SET PICTURES_URL='https://drive.google.com/file/d/1EO_uFR8sJevgXisoxyG39T4-lH3o3woX/view?usp=drive_link' WHERE ITEM_ID=26;

UPDATE MENUITEM SET PICTURES_URL='https://drive.google.com/file/d/1MnC5xxWe3wL1_0maUrsGdoIQuH5_RXZO/view?usp=drive_link' WHERE ITEM_ID=27;

UPDATE MENUITEM SET PICTURES_URL='https://drive.google.com/file/d/1s8Aatxnx2PPz8uAya71WXtmSJvySm7jP/view?usp=drive_link' WHERE ITEM_ID=28;

UPDATE MENUITEM SET PICTURES_URL='https://drive.google.com/file/d/1gDdduMwsa8N3K6iBuSLQ2UTII_DvpPNe/view?usp=drive_link' WHERE ITEM_ID=29;

UPDATE MENUITEM SET PICTURES_URL='https://drive.google.com/file/d/1inwa2NJgL8jor1x8AUiIYUS_38JwcXrk/view?usp=drive_link' WHERE ITEM_ID=30;

UPDATE MENUITEM SET PICTURES_URL='https://drive.google.com/file/d/1xbFfNWFmCcdlLREYg5IOxccz-K5UztEV/view?usp=drive_link' WHERE ITEM_ID=31;

UPDATE MENUITEM SET PICTURES_URL='https://drive.google.com/file/d/1jzHPVv1jnCPt6p5os-jbyeD-nbOkRo02/view?usp=drive_link' WHERE ITEM_ID=32;

UPDATE MENUITEM SET PICTURES_URL='https://drive.google.com/file/d/1z8jGEwm5yzvE2zHuE1rKl74tmrrbzyZq/view?usp=drive_link' WHERE ITEM_ID=33;

UPDATE MENUITEM SET PICTURES_URL='https://drive.google.com/file/d/11HgB6vQZ8cE3kS4aHkncHXN2AGX3DF71/view?usp=drive_link' WHERE ITEM_ID=34;

UPDATE MENUITEM SET PICTURES_URL='https://drive.google.com/file/d/19pVdB2bNwTRmqO2LgkBMOvudLNIpW_or/view?usp=drive_link' WHERE ITEM_ID=35;

UPDATE MENUITEM SET PICTURES_URL='https://drive.google.com/file/d/1QO5WWnzxXpy5TFr7r1Xld0pb1qAQPLTd/view?usp=drive_link' WHERE ITEM_ID=36;

UPDATE MENUITEM SET PICTURES_URL='https://drive.google.com/file/d/1XibwxP6oRcUAiVoL3b8w9aSbGUnWoZrL/view?usp=drive_link' WHERE ITEM_ID=37;

UPDATE MENUITEM SET PICTURES_URL='https://drive.google.com/file/d/1XleS20rqxPnkk8OUs9krNOIjk7-YN7BE/view?usp=drive_link' WHERE ITEM_ID=38;

UPDATE MENUITEM SET PICTURES_URL='https://drive.google.com/file/d/1qjitAYa5h1DU68gkTK7gx0dcllwgKrgi/view?usp=drive_link' WHERE ITEM_ID=39;

UPDATE MENUITEM SET PICTURES_URL='https://drive.google.com/file/d/1zJs6jDUd9GFVRKqKZ_Bi4P41NWayVu-R/view?usp=drive_link' WHERE ITEM_ID=40;

UPDATE MENUITEM SET PICTURES_URL='https://drive.google.com/file/d/1-mAI2DzGL1E2CwPZriKaqTtiViEpEhQr/view?usp=sharing' WHERE ITEM_ID=41;

UPDATE MENUITEM SET PICTURES_URL='https://drive.google.com/file/d/1q1EEiPbEJuxXZ6HIHysXS7-qScIp2d4K/view?usp=sharing' WHERE ITEM_ID=42;

UPDATE MENUITEM SET PICTURES_URL='https://drive.google.com/file/d/18xLdb7tvaV7Tt8uzoDPS7YcRlmN7hwlM/view?usp=sharing' WHERE ITEM_ID=43;

UPDATE MENUITEM SET PICTURES_URL='https://drive.google.com/file/d/1lFuokg2YX8_YXj-_xy3kWsssaTOrMR3k/view?usp=sharing' WHERE ITEM_ID=44;

UPDATE MENUITEM SET PICTURES_URL='https://drive.google.com/file/d/1ztVCDIdXmFbYTy5_nYCyhN3Zz0EVNj5Q/view?usp=sharing' WHERE ITEM_ID=45;

UPDATE MENUITEM SET PICTURES_URL='https://drive.google.com/file/d/1vOsHiWOIqpc9DlgZ7_1Ej74wysZfWDBb/view?usp=sharing' WHERE ITEM_ID=46;

UPDATE MENUITEM SET PICTURES_URL='https://drive.google.com/file/d/1CfbtVDjGrXUdF7vpyZEBLx72RU57Wr0S/view?usp=sharing' WHERE ITEM_ID=47;

UPDATE MENUITEM SET PICTURES_URL='https://drive.google.com/file/d/12Kip87r4fLS8Zcm2CrCaXAY9hlROSiz1/view?usp=sharing' WHERE ITEM_ID=48;

UPDATE MENUITEM SET PICTURES_URL='https://drive.google.com/file/d/1Att7rn6q8zgUG7Izxs3ztmFj3S743wDc/view?usp=sharing' WHERE ITEM_ID=49;

UPDATE MENUITEM SET PICTURES_URL='https://drive.google.com/file/d/16tVxSr2vSst_kxqNgK2gwO25zixdOXL7/view?usp=sharing' WHERE ITEM_ID=50;

UPDATE MENUITEM SET PICTURES_URL='https://drive.google.com/file/d/1ITdt1AAKteZB344AWQnrsnzRG2f60Clf/view?usp=sharing' WHERE ITEM_ID=51;

UPDATE MENUITEM SET PICTURES_URL='https://drive.google.com/file/d/1CKNdC5hG1Xuz9xXpGpUErbayRXK6Bxl1/view?usp=sharing' WHERE ITEM_ID=52;

UPDATE MENUITEM SET PICTURES_URL='https://drive.google.com/file/d/1cgChup6mhdp-82trXdmy13RzExnQsdDm/view?usp=sharing' WHERE ITEM_ID=53;

UPDATE MENUITEM SET PICTURES_URL='https://drive.google.com/file/d/1fJ95q_XHl6ea6iQR7ZVavsJC0a99eOax/view?usp=sharing' WHERE ITEM_ID=54;

UPDATE MENUITEM SET PICTURES_URL='https://drive.google.com/file/d/1t0kiPRnEFSVIODigJm60exb5Dfry38YK/view?usp=sharing' WHERE ITEM_ID=55;

UPDATE MENUITEM SET PICTURES_URL='https://drive.google.com/file/d/1hmiN8JxkQUwR0LzVsqpTHJwENvuZ7ma0/view?usp=sharing' WHERE ITEM_ID=56;

UPDATE MENUITEM SET PICTURES_URL='https://drive.google.com/file/d/1cQv9t60lreDM_gjnYwrZrQ8tqCpz3Efs/view?usp=sharing' WHERE ITEM_ID=57;

UPDATE MENUITEM SET PICTURES_URL='https://drive.google.com/file/d/1bJhdHU0pGzvyj9bPvJncAL52RQCdm_3N/view?usp=sharing' WHERE ITEM_ID=58;

UPDATE MENUITEM SET PICTURES_URL='https://drive.google.com/file/d/10gD1USeN2EwG5pISR5phpaDZYK1_NXxp/view?usp=sharing' WHERE ITEM_ID=59;

UPDATE MENUITEM SET PICTURES_URL='https://drive.google.com/file/d/1FdETXRDB2CnYE_e0hcuAsoKz15XxEBm7/view?usp=sharing' WHERE ITEM_ID=60;

COMMIT;



-- UPDATE MENUDEAL IMAGE URLS

UPDATE MENUDEAL
SET PICTURES_URL='https://drive.google.com/file/d/1Iv9aS4kRkWAT9-Aa4otL62hXhSt_npsu/view?usp=drive_link'
WHERE DEAL_ID=1;

UPDATE MENUDEAL
SET PICTURES_URL='https://drive.google.com/file/d/1TkSaFLLI1hN7nX4c83Rq9i4eIFE-qkR-/view?usp=drive_link'
WHERE DEAL_ID=2;

UPDATE MENUDEAL
SET PICTURES_URL='https://drive.google.com/file/d/1zvtmuBSI97FpOdqrc0rqvVLIF4cmSmDs/view?usp=drive_link'
WHERE DEAL_ID=3;

UPDATE MENUDEAL
SET PICTURES_URL='https://drive.google.com/file/d/1RtCEJnydpR7Bwn9TiNfLlRSLxhRAonuC/view?usp=drive_link'
WHERE DEAL_ID=4;

UPDATE MENUDEAL
SET PICTURES_URL='https://drive.google.com/file/d/1H1Z1q7Qw47aBlAKFEz5t41dVL8iFC-f1/view?usp=drive_link'
WHERE DEAL_ID=5;

UPDATE MENUDEAL
SET PICTURES_URL='https://drive.google.com/file/d/1FparMsv5fdeuSzO5DT19b53tfSPvAKa2/view?usp=drive_link'
WHERE DEAL_ID=6;

COMMIT;



-- UPDATE STAFF PASSWORDS

UPDATE STAFF SET PASSWORD='salman123' WHERE STAFF_ID=1;

UPDATE STAFF SET PASSWORD='danish123' WHERE STAFF_ID=2;

UPDATE STAFF SET PASSWORD='noman123' WHERE STAFF_ID=3;

UPDATE STAFF SET PASSWORD='fahad123' WHERE STAFF_ID=4;

UPDATE STAFF SET PASSWORD='kamran123' WHERE STAFF_ID=5;

UPDATE STAFF SET PASSWORD='bilal123' WHERE STAFF_ID=6;

UPDATE STAFF SET PASSWORD='adnan123' WHERE STAFF_ID=7;

UPDATE STAFF SET PASSWORD='tariq123' WHERE STAFF_ID=8;

UPDATE STAFF SET PASSWORD='imran123' WHERE STAFF_ID=9;

UPDATE STAFF SET PASSWORD='waqar123' WHERE STAFF_ID=10;

UPDATE STAFF SET PASSWORD='aamir123' WHERE STAFF_ID=11;

UPDATE STAFF SET PASSWORD='rizwan123' WHERE STAFF_ID=12;

UPDATE STAFF SET PASSWORD='kashif123' WHERE STAFF_ID=13;

UPDATE STAFF SET PASSWORD='shahbaz123' WHERE STAFF_ID=14;

UPDATE STAFF SET PASSWORD='nadeem123' WHERE STAFF_ID=15;

UPDATE STAFF SET PASSWORD='yasir123' WHERE STAFF_ID=16;

UPDATE STAFF SET PASSWORD='zubair123' WHERE STAFF_ID=17;

UPDATE STAFF SET PASSWORD='haroon123' WHERE STAFF_ID=18;

UPDATE STAFF SET PASSWORD='sajid123' WHERE STAFF_ID=19;

UPDATE STAFF SET PASSWORD='qasim123' WHERE STAFF_ID=20;

UPDATE STAFF SET PASSWORD='asif123' WHERE STAFF_ID=21;

UPDATE STAFF SET PASSWORD='taimur123' WHERE STAFF_ID=22;

UPDATE STAFF SET PASSWORD='waleed123' WHERE STAFF_ID=23;

UPDATE STAFF SET PASSWORD='mudassir123' WHERE STAFF_ID=24;

UPDATE STAFF SET PASSWORD='shan13' WHERE STAFF_ID=25;

UPDATE STAFF SET PASSWORD='furqan123' WHERE STAFF_ID=26;

UPDATE STAFF SET PASSWORD='hammad123' WHERE STAFF_ID=27;

UPDATE STAFF SET PASSWORD='sameer123' WHERE STAFF_ID=28;

COMMIT;


